Last Replaced,CQM
19/12/2008,HT Consulting
30/01/2009,HASE  DPM1002/00529 CQM4C9F
11/04/2009,HSBC DPM1002/00832 CQM58CA
21/05/2009,HSBC DPM1002/00496 CQM58D8
18/11/2009,HSBC DPM1002/00633 CDM67001
19/11/2009,HASE DPM1002/00526 CQM4C8E
21/11/2009,HASE DPM1002/00520 CQM4C14
24/12/2009,HT Consulting
19/01/2010,BOC DPM1002/00856 CDM67032
19/03/2010,HASE DPM1002/01087 CQM4C53
14/04/2010,HASE DPM1002/01020 CQM4C50
31/05/2010,HASE DPM1002/00593 CQM4C17
08/06/2010,CITI DPM1002/00781 CDM3871
22/06/2010,HSBC DPM1002/00533 CQM58E3
28/06/2010,HASE DPM1002/00539 CQM4C7C
13/07/2010,HSBC DPM1002/00509 CQM58D6
13/08/2010,HSBC DPM1002/00515 CQM58D9
19/10/2010,HASE DPM1002/00536 CQM4C30
08/12/2010,HASE DPM1002/00594 CQM4C5D
10/12/2010,BOC DPM1002/01292 CQM67144
16/12/2010,HASE DPM1002/01016 CQM4C45
05/01/2011,HASE DPM1002/01019 CQM4C47
14/01/2011,HASE DPM1002/00538 CQM4C8F
09/05/2011,BOC DPM1002/01292 CQM67144
15/05/2011,BOC DPM1002/01292 CQM5816
10/06/2011,HSBC DPM1002/01120 CQM5800
10/08/2011,BOC DPM1002/00999 CDM67063
01/11/2011,HSBC DPM1002/00509 CQM58D6
13/12/2011,BOC DPM1002/01094 CDM67082
14/12/2011,HASE DPM1002/00506 CQM4C44
15/02/2012,HSBC DPM1002/00502 CQM58D3
28/02/2012,HSBC DPM1002/00838 CQM5825
23/03/2012,HASE DPM1002/00556 CQM4C6C
04/10/2012,HSBC DPM1002/01121 CQM5801
22/10/2012,HSBC DPM1002/00261 CQM5870
31/10/2012,BOC DPM1002/01234 CDM67113
09/11/2012,HASE DPM1002/00543 CQM4C41
23/11/2012,HASE DPM1002/01015 CQM4C07
24/11/2012,HSBC DPM1002/00837 CQM58CC
30/11/2012,BOC DPM1002/00902 CDM67048
24/12/2012,BOC DPM1002/00620 CDM67004
18/01/2013,HASE DPM1002/01088 CQM4C04
21/01/2013,BOC DPM1002/01318 CDM67166
05/07/2013,HASE DPM1002/01019 CQM4C47
11/07/2013,BOC DPM1002/01109 CDM67169
19/07/2013,HSBC DPM1002/01432 CQM5812
24/08/2013,HASE DPM1002/01019 CQM4C47
04/10/2013,BOC DPM1002/00622 CDM67015
07/10/2013,BOC DPM1002/00864 CDM67040
16/10/2013,HT Consulting
19/10/2013,BOC DPM1002/00625 CDM67005
26/11/2013,HSBC DPM1002/00530 CQM58E0
29/11/2013,BOC DPM1002/01283 CDM67135
18/12/2013,BOC DPM1002/01006 CDM67075
28/12/2013,HSBC DPM1002/00533 CQM58E3
20/02/2014,HSBC DPM1002/00507 CQM58DE
10/05/2014,BOC DPM1002/01285 CDM67137
27/05/2014,BOC DPM1002/01009 CDM67195
04/09/2014,BOC DPM1002/01550 CDM67209
17/09/2014,HSBC DPM1002/00509 CQM58D1
26/11/2014,BOC DPPM1002/00788 CQM67017
05/12/2014,BOC DPPM1002/01277 CQM67129
08/12/2014,BOC DPPM1002/01277 CQM67129
09/12/2014,HASE DPPM1002/00694 CQM4C12
22/12/2014,HSBC DPPM1002/00644 CQM58AF
30/12/2014,HASE DPM1002/00526 CQM4C8E
02/02/2014,HASE DPM1002/01191 CQM4C70
17/02/2014,HASE DPM1002/01187 CQM4C64
25/03/2015,HASE DPM1002/00536 CQM4C60
05/05/2015,BOC DPM1002/00992 CQM67060
20/05/2015,BOC DPM1002/01013 CQM67054
17/06/2015,HASE DPM1002/00556 CQM4C6C
18/08/2015,HASE DPM1002/01233 CQM4C05
16/10/2015,HASE DPM1002/01454 CQM4C73
08/12/2015,HSBC DPM1002/01875 CQM5885
17/12/2015,HASE DPM1002/00526 CQM4C8E
21/12/2015,BOC DPM1002/01550 CQM67209
07/09/2016,HASE DPM1002/00593 CQM4C17
10/09/2016,BOC DPM1002/01011 CDM67076
14/09/2016,HSBC DPM1002/01860 CQM585A
05/11/2016,HSBC DPM1002/01928 CQM587B
31/07/2017,HSBC DPM1002/01946 CQM5859
04/12/2017,BOC DPM1002/01954 CDM67236
29/01/2018,BOCHK DPM1002/00993 CDM67061
21/03/2018,BOCHK DPM1002/01247 CDM67118
08/05/2018,HSBC DPM1002/00417 CQM581A
10/05/2018,HSBC DPM1002/01935 CQM5880
05/06/2018,HT Consulting
13/06/2018,HSBC DPM1002/01866 CQM5860
18/02/2019,HSBC DPM1002/01875 CQM5885
15/03/2019,HSBC DPM1002/01866 CQM5854
01/05/2019,HSBC DPM1002/01875 CQM5885
30/10/2019,HSBC DPM1002/01862 CQM5845
26/11/2019,HASE DPM1002/01128 CQM4C58
24/01/2020,HSBC DPM1002/01867 CQM5831
10/03/2020,HSBC DPM1002/01916 CDM588F
06/03/2020,HASE DPM1002/01447 CQM4C84
10/03/2020,HSBC DPM1002/02063 CQM58EA
15/04/2020,HASE DPM1002/01871 CQM4C67
23/04/2020,HASE DPM1002/01870 CQM4C91
25/07/2020,HASE DPM1002/01089 CQM4C93
24/07/2020,HASE DPM1002/02104 CQM4C86
13/08/2020,HT Consulting
